"","Subject","task","trialtype","ACC.transdist","freq"
"1","1","R.pool350","D",0,42
"2","1","R.pool350","D",1,1
"3","1","R.pool350","D",NA,11
"4","1","R.pool350","S",0,48
"5","1","R.pool350","S",NA,6
"6","1","R.scramb","D",-2,1
"7","1","R.scramb","D",-1,4
"8","1","R.scramb","D",0,25
"9","1","R.scramb","D",1,3
"10","1","R.scramb","D",3,1
"11","1","R.scramb","D",NA,20
"12","1","R.scramb","S",-2,2
"13","1","R.scramb","S",-1,5
"14","1","R.scramb","S",0,34
"15","1","R.scramb","S",1,1
"16","1","R.scramb","S",NA,12
"17","2","R.pool350","D",-4,1
"18","2","R.pool350","D",-3,2
"19","2","R.pool350","D",-2,3
"20","2","R.pool350","D",-1,4
"21","2","R.pool350","D",0,11
"22","2","R.pool350","D",2,1
"23","2","R.pool350","D",NA,34
"24","2","R.pool350","S",-3,1
"25","2","R.pool350","S",-2,6
"26","2","R.pool350","S",-1,3
"27","2","R.pool350","S",0,27
"28","2","R.pool350","S",1,1
"29","2","R.pool350","S",2,1
"30","2","R.pool350","S",NA,20
"31","3","Ospan.reg","D",-2,4
"32","3","Ospan.reg","D",-1,6
"33","3","Ospan.reg","D",0,22
"34","3","Ospan.reg","D",1,2
"35","3","Ospan.reg","D",NA,20
"36","3","Ospan.reg","S",-3,1
"37","3","Ospan.reg","S",-2,2
"38","3","Ospan.reg","S",-1,10
"39","3","Ospan.reg","S",0,21
"40","3","Ospan.reg","S",1,1
"41","3","Ospan.reg","S",2,1
"42","3","Ospan.reg","S",NA,18
"43","3","R.pool350","D",-3,1
"44","3","R.pool350","D",-2,1
"45","3","R.pool350","D",-1,5
"46","3","R.pool350","D",0,12
"47","3","R.pool350","D",NA,37
"48","3","R.pool350","S",-3,2
"49","3","R.pool350","S",-2,1
"50","3","R.pool350","S",-1,7
"51","3","R.pool350","S",0,21
"52","3","R.pool350","S",1,2
"53","3","R.pool350","S",2,1
"54","3","R.pool350","S",NA,22
"55","4","Ospan.reg","D",-2,1
"56","4","Ospan.reg","D",-1,6
"57","4","Ospan.reg","D",0,15
"58","4","Ospan.reg","D",1,4
"59","4","Ospan.reg","D",NA,28
"60","4","Ospan.reg","S",-4,1
"61","4","Ospan.reg","S",-2,1
"62","4","Ospan.reg","S",-1,5
"63","4","Ospan.reg","S",0,19
"64","4","Ospan.reg","S",1,3
"65","4","Ospan.reg","S",NA,25
"66","4","R.pool350","D",-1,4
"67","4","R.pool350","D",0,19
"68","4","R.pool350","D",1,1
"69","4","R.pool350","D",NA,32
"70","4","R.pool350","S",-1,3
"71","4","R.pool350","S",0,22
"72","4","R.pool350","S",1,3
"73","4","R.pool350","S",3,1
"74","4","R.pool350","S",NA,26
"75","5","Ospan.reg","D",-1,5
"76","5","Ospan.reg","D",0,40
"77","5","Ospan.reg","D",2,1
"78","5","Ospan.reg","D",NA,8
"79","5","Ospan.reg","S",-1,5
"80","5","Ospan.reg","S",0,33
"81","5","Ospan.reg","S",1,3
"82","5","Ospan.reg","S",NA,13
"83","5","R.pool350","D",-3,1
"84","5","R.pool350","D",-2,5
"85","5","R.pool350","D",-1,4
"86","5","R.pool350","D",0,29
"87","5","R.pool350","D",1,1
"88","5","R.pool350","D",NA,18
"89","5","R.pool350","S",-2,1
"90","5","R.pool350","S",-1,7
"91","5","R.pool350","S",0,35
"92","5","R.pool350","S",1,2
"93","5","R.pool350","S",NA,18
"94","6","Ospan.reg","D",-1,9
"95","6","Ospan.reg","D",0,24
"96","6","Ospan.reg","D",1,3
"97","6","Ospan.reg","D",NA,18
"98","6","Ospan.reg","S",-2,2
"99","6","Ospan.reg","S",-1,6
"100","6","Ospan.reg","S",0,35
"101","6","Ospan.reg","S",1,4
"102","6","Ospan.reg","S",NA,7
"103","6","R.pool350","D",-5,1
"104","6","R.pool350","D",-4,1
"105","6","R.pool350","D",-3,3
"106","6","R.pool350","D",-2,10
"107","6","R.pool350","D",-1,2
"108","6","R.pool350","D",0,9
"109","6","R.pool350","D",NA,28
"110","6","R.pool350","S",-3,4
"111","6","R.pool350","S",-2,4
"112","6","R.pool350","S",-1,6
"113","6","R.pool350","S",0,18
"114","6","R.pool350","S",NA,22
"115","7","Ospan.reg","D",-1,3
"116","7","Ospan.reg","D",0,37
"117","7","Ospan.reg","D",1,5
"118","7","Ospan.reg","D",NA,9
"119","7","Ospan.reg","S",-2,1
"120","7","Ospan.reg","S",-1,5
"121","7","Ospan.reg","S",0,30
"122","7","Ospan.reg","S",1,5
"123","7","Ospan.reg","S",NA,13
"124","7","R.pool350","D",-1,2
"125","7","R.pool350","D",0,38
"126","7","R.pool350","D",NA,14
"127","7","R.pool350","S",-1,1
"128","7","R.pool350","S",0,44
"129","7","R.pool350","S",1,2
"130","7","R.pool350","S",NA,7
"131","8","Ospan.reg","D",-2,1
"132","8","Ospan.reg","D",-1,13
"133","8","Ospan.reg","D",0,17
"134","8","Ospan.reg","D",1,2
"135","8","Ospan.reg","D",NA,21
"136","8","Ospan.reg","S",-3,1
"137","8","Ospan.reg","S",-2,2
"138","8","Ospan.reg","S",-1,9
"139","8","Ospan.reg","S",0,23
"140","8","Ospan.reg","S",1,1
"141","8","Ospan.reg","S",2,1
"142","8","Ospan.reg","S",3,1
"143","8","Ospan.reg","S",NA,16
"144","8","R.pool350","D",-1,2
"145","8","R.pool350","D",0,28
"146","8","R.pool350","D",NA,25
"147","8","R.pool350","S",-2,2
"148","8","R.pool350","S",-1,2
"149","8","R.pool350","S",0,33
"150","8","R.pool350","S",1,1
"151","8","R.pool350","S",NA,19
"152","8","Rspan.long","D",-1,3
"153","8","Rspan.long","D",0,32
"154","8","Rspan.long","D",1,2
"155","8","Rspan.long","D",NA,19
"156","8","Rspan.long","S",-1,7
"157","8","Rspan.long","S",0,32
"158","8","Rspan.long","S",1,2
"159","8","Rspan.long","S",NA,15
"160","9","Ospan.reg","D",-1,5
"161","9","Ospan.reg","D",0,36
"162","9","Ospan.reg","D",1,2
"163","9","Ospan.reg","D",NA,11
"164","9","Ospan.reg","S",-1,2
"165","9","Ospan.reg","S",0,45
"166","9","Ospan.reg","S",2,1
"167","9","Ospan.reg","S",NA,6
"168","9","R.pool350","D",-2,1
"169","9","R.pool350","D",-1,4
"170","9","R.pool350","D",0,35
"171","9","R.pool350","D",NA,14
"172","9","R.pool350","S",-1,4
"173","9","R.pool350","S",0,34
"174","9","R.pool350","S",1,2
"175","9","R.pool350","S",NA,14
"176","10","R.pool350","D",-1,3
"177","10","R.pool350","D",0,42
"178","10","R.pool350","D",NA,9
"179","10","R.pool350","S",-2,3
"180","10","R.pool350","S",-1,1
"181","10","R.pool350","S",0,39
"182","10","R.pool350","S",NA,12
"183","10","Rspan.long","D",-1,8
"184","10","Rspan.long","D",0,19
"185","10","Rspan.long","D",NA,27
"186","10","Rspan.long","S",-2,2
"187","10","Rspan.long","S",-1,1
"188","10","Rspan.long","S",0,34
"189","10","Rspan.long","S",1,1
"190","10","Rspan.long","S",NA,18
"191","11","R.pool350","D",0,38
"192","11","R.pool350","D",1,1
"193","11","R.pool350","D",NA,15
"194","11","R.pool350","S",-3,1
"195","11","R.pool350","S",-2,1
"196","11","R.pool350","S",-1,3
"197","11","R.pool350","S",0,31
"198","11","R.pool350","S",1,1
"199","11","R.pool350","S",2,1
"200","11","R.pool350","S",NA,17
"201","12","Ospan.reg","D",-1,4
"202","12","Ospan.reg","D",0,31
"203","12","Ospan.reg","D",1,3
"204","12","Ospan.reg","D",2,1
"205","12","Ospan.reg","D",NA,15
"206","12","Ospan.reg","S",-4,1
"207","12","Ospan.reg","S",-2,2
"208","12","Ospan.reg","S",-1,8
"209","12","Ospan.reg","S",0,29
"210","12","Ospan.reg","S",1,3
"211","12","Ospan.reg","S",NA,11
"212","12","R.pool350","D",-1,3
"213","12","R.pool350","D",0,37
"214","12","R.pool350","D",1,1
"215","12","R.pool350","D",2,1
"216","12","R.pool350","D",NA,14
"217","12","R.pool350","S",-2,1
"218","12","R.pool350","S",-1,3
"219","12","R.pool350","S",0,43
"220","12","R.pool350","S",1,2
"221","12","R.pool350","S",NA,6
"222","12","Rspan.long","D",-1,3
"223","12","Rspan.long","D",0,24
"224","12","Rspan.long","D",1,3
"225","12","Rspan.long","D",NA,25
"226","12","Rspan.long","S",-3,2
"227","12","Rspan.long","S",-2,3
"228","12","Rspan.long","S",-1,5
"229","12","Rspan.long","S",0,27
"230","12","Rspan.long","S",1,3
"231","12","Rspan.long","S",NA,14
"232","13","Ospan.reg","D",0,46
"233","13","Ospan.reg","D",1,1
"234","13","Ospan.reg","D",3,1
"235","13","Ospan.reg","D",NA,10
"236","13","Ospan.reg","S",-2,1
"237","13","Ospan.reg","S",-1,2
"238","13","Ospan.reg","S",0,43
"239","13","Ospan.reg","S",1,1
"240","13","Ospan.reg","S",2,1
"241","13","Ospan.reg","S",NA,6
"242","13","R.pool350","D",-1,2
"243","13","R.pool350","D",0,31
"244","13","R.pool350","D",1,1
"245","13","R.pool350","D",NA,20
"246","13","R.pool350","S",-4,1
"247","13","R.pool350","S",-2,1
"248","13","R.pool350","S",-1,2
"249","13","R.pool350","S",0,33
"250","13","R.pool350","S",1,4
"251","13","R.pool350","S",NA,14
"252","13","Rspan.short","D",-4,2
"253","13","Rspan.short","D",-3,6
"254","13","Rspan.short","D",-2,8
"255","13","Rspan.short","D",-1,3
"256","13","Rspan.short","D",0,12
"257","13","Rspan.short","D",NA,23
"258","13","Rspan.short","S",-4,2
"259","13","Rspan.short","S",-2,3
"260","13","Rspan.short","S",-1,12
"261","13","Rspan.short","S",0,19
"262","13","Rspan.short","S",1,1
"263","13","Rspan.short","S",NA,17
"264","14","Ospan.reg","D",-1,5
"265","14","Ospan.reg","D",0,38
"266","14","Ospan.reg","D",NA,11
"267","14","Ospan.reg","S",-2,2
"268","14","Ospan.reg","S",-1,4
"269","14","Ospan.reg","S",0,34
"270","14","Ospan.reg","S",1,2
"271","14","Ospan.reg","S",NA,12
"272","14","R.pool350","D",-2,1
"273","14","R.pool350","D",0,46
"274","14","R.pool350","D",NA,7
"275","14","R.pool350","S",-1,1
"276","14","R.pool350","S",0,49
"277","14","R.pool350","S",1,1
"278","14","R.pool350","S",NA,5
"279","14","Rspan.long","D",-3,1
"280","14","Rspan.long","D",0,28
"281","14","Rspan.long","D",1,6
"282","14","Rspan.long","D",3,1
"283","14","Rspan.long","D",NA,19
"284","14","Rspan.long","S",-2,1
"285","14","Rspan.long","S",-1,6
"286","14","Rspan.long","S",0,33
"287","14","Rspan.long","S",1,5
"288","14","Rspan.long","S",2,1
"289","14","Rspan.long","S",NA,8
"290","15","Ospan.reg","D",-1,4
"291","15","Ospan.reg","D",0,25
"292","15","Ospan.reg","D",1,5
"293","15","Ospan.reg","D",NA,20
"294","15","Ospan.reg","S",-3,2
"295","15","Ospan.reg","S",-2,4
"296","15","Ospan.reg","S",-1,5
"297","15","Ospan.reg","S",0,22
"298","15","Ospan.reg","S",1,2
"299","15","Ospan.reg","S",2,2
"300","15","Ospan.reg","S",3,1
"301","15","Ospan.reg","S",4,1
"302","15","Ospan.reg","S",NA,15
"303","15","Rspan.short","D",-1,6
"304","15","Rspan.short","D",0,26
"305","15","Rspan.short","D",1,1
"306","15","Rspan.short","D",NA,21
"307","15","Rspan.short","S",-1,5
"308","15","Rspan.short","S",0,30
"309","15","Rspan.short","S",1,6
"310","15","Rspan.short","S",2,2
"311","15","Rspan.short","S",NA,11
"312","16","Ospan.reg","D",-1,4
"313","16","Ospan.reg","D",0,41
"314","16","Ospan.reg","D",2,1
"315","16","Ospan.reg","D",NA,8
"316","16","Ospan.reg","S",-5,1
"317","16","Ospan.reg","S",-2,2
"318","16","Ospan.reg","S",-1,7
"319","16","Ospan.reg","S",0,30
"320","16","Ospan.reg","S",1,1
"321","16","Ospan.reg","S",NA,14
"322","16","Rspan.long","D",-2,3
"323","16","Rspan.long","D",-1,5
"324","16","Rspan.long","D",0,23
"325","16","Rspan.long","D",1,2
"326","16","Rspan.long","D",NA,22
"327","16","Rspan.long","S",-3,1
"328","16","Rspan.long","S",-2,1
"329","16","Rspan.long","S",-1,7
"330","16","Rspan.long","S",0,33
"331","16","Rspan.long","S",NA,12
"332","17","Ospan.reg","D",-3,1
"333","17","Ospan.reg","D",-2,2
"334","17","Ospan.reg","D",-1,11
"335","17","Ospan.reg","D",0,23
"336","17","Ospan.reg","D",1,2
"337","17","Ospan.reg","D",NA,15
"338","17","Ospan.reg","S",-3,1
"339","17","Ospan.reg","S",-2,7
"340","17","Ospan.reg","S",-1,4
"341","17","Ospan.reg","S",0,15
"342","17","Ospan.reg","S",1,6
"343","17","Ospan.reg","S",2,1
"344","17","Ospan.reg","S",NA,20
"345","17","Rspan.short","D",-1,12
"346","17","Rspan.short","D",0,13
"347","17","Rspan.short","D",NA,30
"348","17","Rspan.short","S",-2,2
"349","17","Rspan.short","S",-1,6
"350","17","Rspan.short","S",0,16
"351","17","Rspan.short","S",1,2
"352","17","Rspan.short","S",2,3
"353","17","Rspan.short","S",NA,25
"354","17","R.pool10","D",-2,2
"355","17","R.pool10","D",-1,4
"356","17","R.pool10","D",0,10
"357","17","R.pool10","D",1,2
"358","17","R.pool10","D",3,1
"359","17","R.pool10","D",NA,35
"360","17","R.pool10","S",-3,1
"361","17","R.pool10","S",-2,2
"362","17","R.pool10","S",-1,7
"363","17","R.pool10","S",0,22
"364","17","R.pool10","S",1,3
"365","17","R.pool10","S",NA,19
"366","18","Ospan.reg","D",-1,2
"367","18","Ospan.reg","D",0,40
"368","18","Ospan.reg","D",1,2
"369","18","Ospan.reg","D",NA,10
"370","18","Ospan.reg","S",-3,1
"371","18","Ospan.reg","S",-1,3
"372","18","Ospan.reg","S",0,34
"373","18","Ospan.reg","S",1,2
"374","18","Ospan.reg","S",NA,14
"375","18","Rspan.long","D",-1,4
"376","18","Rspan.long","D",0,33
"377","18","Rspan.long","D",2,1
"378","18","Rspan.long","D",3,1
"379","18","Rspan.long","D",NA,15
"380","18","Rspan.long","S",-3,1
"381","18","Rspan.long","S",-2,4
"382","18","Rspan.long","S",-1,5
"383","18","Rspan.long","S",0,28
"384","18","Rspan.long","S",1,3
"385","18","Rspan.long","S",2,2
"386","18","Rspan.long","S",3,2
"387","18","Rspan.long","S",NA,14
"388","18","R.pool10","D",-5,1
"389","18","R.pool10","D",-4,4
"390","18","R.pool10","D",-3,2
"391","18","R.pool10","D",-2,2
"392","18","R.pool10","D",-1,6
"393","18","R.pool10","D",0,15
"394","18","R.pool10","D",1,3
"395","18","R.pool10","D",2,4
"396","18","R.pool10","D",NA,17
"397","18","R.pool10","S",-3,1
"398","18","R.pool10","S",-2,5
"399","18","R.pool10","S",-1,5
"400","18","R.pool10","S",0,27
"401","18","R.pool10","S",1,1
"402","18","R.pool10","S",2,1
"403","18","R.pool10","S",3,1
"404","18","R.pool10","S",NA,13
"405","19","Ospan.reg","D",-1,5
"406","19","Ospan.reg","D",0,18
"407","19","Ospan.reg","D",1,2
"408","19","Ospan.reg","D",NA,29
"409","19","Ospan.reg","S",-1,5
"410","19","Ospan.reg","S",0,16
"411","19","Ospan.reg","S",1,2
"412","19","Ospan.reg","S",2,1
"413","19","Ospan.reg","S",NA,30
"414","19","Rspan.short","D",-2,1
"415","19","Rspan.short","D",-1,8
"416","19","Rspan.short","D",0,20
"417","19","Rspan.short","D",1,2
"418","19","Rspan.short","D",NA,27
"419","19","Rspan.short","S",-2,4
"420","19","Rspan.short","S",-1,6
"421","19","Rspan.short","S",0,25
"422","19","Rspan.short","S",1,2
"423","19","Rspan.short","S",NA,19
"424","19","R.pool30","D",-1,3
"425","19","R.pool30","D",0,30
"426","19","R.pool30","D",NA,21
"427","19","R.pool30","S",-2,1
"428","19","R.pool30","S",-1,2
"429","19","R.pool30","S",0,39
"430","19","R.pool30","S",2,1
"431","19","R.pool30","S",NA,12
"432","20","Ospan.reg","D",-1,7
"433","20","Ospan.reg","D",0,23
"434","20","Ospan.reg","D",2,1
"435","20","Ospan.reg","D",NA,23
"436","20","Ospan.reg","S",-1,4
"437","20","Ospan.reg","S",0,30
"438","20","Ospan.reg","S",1,3
"439","20","Ospan.reg","S",NA,17
"440","20","Rspan.long","D",-1,5
"441","20","Rspan.long","D",0,27
"442","20","Rspan.long","D",1,3
"443","20","Rspan.long","D",NA,28
"444","20","Rspan.long","S",-1,7
"445","20","Rspan.long","S",0,27
"446","20","Rspan.long","S",1,1
"447","20","Rspan.long","S",2,1
"448","20","Rspan.long","S",NA,26
"449","20","R.pool30","D",-2,1
"450","20","R.pool30","D",-1,5
"451","20","R.pool30","D",0,11
"452","20","R.pool30","D",1,1
"453","20","R.pool30","D",NA,37
"454","20","R.pool30","S",-1,5
"455","20","R.pool30","S",0,13
"456","20","R.pool30","S",1,3
"457","20","R.pool30","S",3,1
"458","20","R.pool30","S",NA,34
"459","21","Rspan.short","D",-1,3
"460","21","Rspan.short","D",0,29
"461","21","Rspan.short","D",NA,22
"462","21","Rspan.short","S",-1,2
"463","21","Rspan.short","S",0,31
"464","21","Rspan.short","S",1,2
"465","21","Rspan.short","S",NA,19
"466","21","R.pool30","D",-1,4
"467","21","R.pool30","D",0,25
"468","21","R.pool30","D",1,1
"469","21","R.pool30","D",NA,34
"470","21","R.pool30","S",-1,4
"471","21","R.pool30","S",0,31
"472","21","R.pool30","S",NA,28
"473","22","Rspan.long","D",-4,1
"474","22","Rspan.long","D",-3,1
"475","22","Rspan.long","D",-2,3
"476","22","Rspan.long","D",-1,3
"477","22","Rspan.long","D",0,18
"478","22","Rspan.long","D",NA,35
"479","22","Rspan.long","S",-2,2
"480","22","Rspan.long","S",-1,4
"481","22","Rspan.long","S",0,20
"482","22","Rspan.long","S",1,3
"483","22","Rspan.long","S",NA,34
"484","23","Rspan.short","D",-2,3
"485","23","Rspan.short","D",-1,3
"486","23","Rspan.short","D",0,19
"487","23","Rspan.short","D",1,1
"488","23","Rspan.short","D",NA,28
"489","23","Rspan.short","S",-4,1
"490","23","Rspan.short","S",-3,1
"491","23","Rspan.short","S",-2,1
"492","23","Rspan.short","S",-1,5
"493","23","Rspan.short","S",0,28
"494","23","Rspan.short","S",1,1
"495","23","Rspan.short","S",NA,17
"496","24","Rspan.long","D",-1,3
"497","24","Rspan.long","D",0,38
"498","24","Rspan.long","D",NA,13
"499","24","Rspan.long","S",-1,6
"500","24","Rspan.long","S",0,40
"501","24","Rspan.long","S",1,1
"502","24","Rspan.long","S",NA,7
"503","24","R.pool15","D",-3,2
"504","24","R.pool15","D",-2,4
"505","24","R.pool15","D",-1,4
"506","24","R.pool15","D",0,23
"507","24","R.pool15","D",1,5
"508","24","R.pool15","D",2,1
"509","24","R.pool15","D",NA,16
"510","24","R.pool15","S",-3,1
"511","24","R.pool15","S",-2,2
"512","24","R.pool15","S",-1,6
"513","24","R.pool15","S",0,30
"514","24","R.pool15","S",1,3
"515","24","R.pool15","S",NA,14
"516","25","Ospan.reg","D",-3,1
"517","25","Ospan.reg","D",-1,4
"518","25","Ospan.reg","D",0,20
"519","25","Ospan.reg","D",1,4
"520","25","Ospan.reg","D",2,2
"521","25","Ospan.reg","D",6,1
"522","25","Ospan.reg","D",NA,24
"523","25","Ospan.reg","S",-2,6
"524","25","Ospan.reg","S",-1,8
"525","25","Ospan.reg","S",0,15
"526","25","Ospan.reg","S",1,6
"527","25","Ospan.reg","S",2,1
"528","25","Ospan.reg","S",3,1
"529","25","Ospan.reg","S",NA,17
"530","25","Rspan.short","D",-1,2
"531","25","Rspan.short","D",0,48
"532","25","Rspan.short","D",NA,4
"533","25","Rspan.short","S",0,48
"534","25","Rspan.short","S",1,1
"535","25","Rspan.short","S",NA,6
"536","25","R.pool60","D",-1,5
"537","25","R.pool60","D",0,34
"538","25","R.pool60","D",1,1
"539","25","R.pool60","D",2,1
"540","25","R.pool60","D",NA,13
"541","25","R.pool60","S",-2,2
"542","25","R.pool60","S",-1,8
"543","25","R.pool60","S",0,35
"544","25","R.pool60","S",1,1
"545","25","R.pool60","S",2,1
"546","25","R.pool60","S",NA,7
"547","26","Ospan.reg","D",-1,9
"548","26","Ospan.reg","D",0,37
"549","26","Ospan.reg","D",NA,8
"550","26","Ospan.reg","S",-2,1
"551","26","Ospan.reg","S",-1,8
"552","26","Ospan.reg","S",0,27
"553","26","Ospan.reg","S",1,3
"554","26","Ospan.reg","S",2,1
"555","26","Ospan.reg","S",NA,14
"556","26","Rspan.long","D",-1,3
"557","26","Rspan.long","D",0,38
"558","26","Rspan.long","D",1,1
"559","26","Rspan.long","D",NA,12
"560","26","Rspan.long","S",-2,1
"561","26","Rspan.long","S",-1,4
"562","26","Rspan.long","S",0,35
"563","26","Rspan.long","S",1,2
"564","26","Rspan.long","S",2,2
"565","26","Rspan.long","S",NA,11
"566","27","Rspan.short","D",-2,1
"567","27","Rspan.short","D",-1,6
"568","27","Rspan.short","D",0,22
"569","27","Rspan.short","D",1,3
"570","27","Rspan.short","D",NA,24
"571","27","Rspan.short","S",-2,2
"572","27","Rspan.short","S",-1,6
"573","27","Rspan.short","S",0,28
"574","27","Rspan.short","S",1,1
"575","27","Rspan.short","S",NA,17
"576","27","R.pool10","D",-1,2
"577","27","R.pool10","D",0,29
"578","27","R.pool10","D",1,3
"579","27","R.pool10","D",2,1
"580","27","R.pool10","D",NA,20
"581","27","R.pool10","S",-2,2
"582","27","R.pool10","S",-1,2
"583","27","R.pool10","S",0,35
"584","27","R.pool10","S",1,2
"585","27","R.pool10","S",2,1
"586","27","R.pool10","S",NA,12
"587","28","Rspan.long","D",-1,4
"588","28","Rspan.long","D",0,15
"589","28","Rspan.long","D",1,6
"590","28","Rspan.long","D",NA,32
"591","28","Rspan.long","S",-1,2
"592","28","Rspan.long","S",0,24
"593","28","Rspan.long","S",1,2
"594","28","Rspan.long","S",2,1
"595","28","Rspan.long","S",3,1
"596","28","Rspan.long","S",4,2
"597","28","Rspan.long","S",NA,27
"598","28","R.pool30","D",-1,1
"599","28","R.pool30","D",0,33
"600","28","R.pool30","D",NA,20
"601","28","R.pool30","S",-1,4
"602","28","R.pool30","S",0,36
"603","28","R.pool30","S",1,2
"604","28","R.pool30","S",NA,12
"605","29","Rspan.short","D",-1,3
"606","29","Rspan.short","D",0,43
"607","29","Rspan.short","D",NA,10
"608","29","Rspan.short","S",-1,3
"609","29","Rspan.short","S",0,44
"610","29","Rspan.short","S",NA,8
"611","29","R.pool15","D",-1,6
"612","29","R.pool15","D",0,18
"613","29","R.pool15","D",1,1
"614","29","R.pool15","D",NA,34
"615","29","R.pool15","S",-3,1
"616","29","R.pool15","S",-2,1
"617","29","R.pool15","S",-1,1
"618","29","R.pool15","S",0,34
"619","29","R.pool15","S",1,3
"620","29","R.pool15","S",NA,20
"621","30","Rspan.long","D",-1,5
"622","30","Rspan.long","D",0,37
"623","30","Rspan.long","D",2,1
"624","30","Rspan.long","D",NA,12
"625","30","Rspan.long","S",-1,2
"626","30","Rspan.long","S",0,39
"627","30","Rspan.long","S",1,1
"628","30","Rspan.long","S",NA,12
"629","30","R.pool15","D",-1,3
"630","30","R.pool15","D",0,22
"631","30","R.pool15","D",1,1
"632","30","R.pool15","D",2,1
"633","30","R.pool15","D",NA,37
"634","30","R.pool15","S",-2,2
"635","30","R.pool15","S",-1,7
"636","30","R.pool15","S",0,26
"637","30","R.pool15","S",1,2
"638","30","R.pool15","S",NA,25
"639","31","Rspan.short","D",-1,7
"640","31","Rspan.short","D",0,19
"641","31","Rspan.short","D",NA,29
"642","31","Rspan.short","S",-2,2
"643","31","Rspan.short","S",-1,4
"644","31","Rspan.short","S",0,28
"645","31","Rspan.short","S",1,4
"646","31","Rspan.short","S",NA,20
"647","31","R.pool10","D",-3,4
"648","31","R.pool10","D",-2,1
"649","31","R.pool10","D",-1,5
"650","31","R.pool10","D",0,21
"651","31","R.pool10","D",1,1
"652","31","R.pool10","D",NA,22
"653","31","R.pool10","S",-3,1
"654","31","R.pool10","S",-2,2
"655","31","R.pool10","S",-1,6
"656","31","R.pool10","S",0,24
"657","31","R.pool10","S",1,2
"658","31","R.pool10","S",NA,19
"659","32","Rspan.long","D",0,30
"660","32","Rspan.long","D",1,1
"661","32","Rspan.long","D",NA,23
"662","32","Rspan.long","S",-1,3
"663","32","Rspan.long","S",0,40
"664","32","Rspan.long","S",1,2
"665","32","Rspan.long","S",3,2
"666","32","Rspan.long","S",NA,8
"667","33","Rspan.short","D",-2,1
"668","33","Rspan.short","D",-1,4
"669","33","Rspan.short","D",0,17
"670","33","Rspan.short","D",1,3
"671","33","Rspan.short","D",NA,32
"672","33","Rspan.short","S",-1,1
"673","33","Rspan.short","S",0,24
"674","33","Rspan.short","S",1,2
"675","33","Rspan.short","S",2,2
"676","33","Rspan.short","S",NA,25
"677","33","R.pool60","D",0,45
"678","33","R.pool60","D",NA,21
"679","33","R.pool60","S",-1,1
"680","33","R.pool60","S",0,47
"681","33","R.pool60","S",1,1
"682","33","R.pool60","S",NA,16
"683","34","Rspan.long","D",-1,3
"684","34","Rspan.long","D",0,38
"685","34","Rspan.long","D",NA,13
"686","34","Rspan.long","S",-1,6
"687","34","Rspan.long","S",0,24
"688","34","Rspan.long","S",NA,24
"689","34","R.pool10","D",-1,3
"690","34","R.pool10","D",0,38
"691","34","R.pool10","D",1,2
"692","34","R.pool10","D",NA,11
"693","34","R.pool10","S",-1,2
"694","34","R.pool10","S",0,45
"695","34","R.pool10","S",1,1
"696","34","R.pool10","S",NA,7
"697","35","Rspan.short","D",-1,10
"698","35","Rspan.short","D",0,10
"699","35","Rspan.short","D",1,3
"700","35","Rspan.short","D",NA,32
"701","35","Rspan.short","S",-2,3
"702","35","Rspan.short","S",-1,10
"703","35","Rspan.short","S",0,21
"704","35","Rspan.short","S",1,1
"705","35","Rspan.short","S",NA,19
"706","35","R.pool15","D",-2,1
"707","35","R.pool15","D",-1,6
"708","35","R.pool15","D",0,36
"709","35","R.pool15","D",1,1
"710","35","R.pool15","D",2,1
"711","35","R.pool15","D",NA,9
"712","35","R.pool15","S",-1,4
"713","35","R.pool15","S",0,40
"714","35","R.pool15","S",1,3
"715","35","R.pool15","S",NA,8
"716","36","Rspan.long","D",-1,6
"717","36","Rspan.long","D",0,24
"718","36","Rspan.long","D",1,3
"719","36","Rspan.long","D",NA,22
"720","36","Rspan.long","S",-2,1
"721","36","Rspan.long","S",-1,8
"722","36","Rspan.long","S",0,24
"723","36","Rspan.long","S",1,2
"724","36","Rspan.long","S",NA,20
"725","36","R.pool30","D",-1,2
"726","36","R.pool30","D",0,47
"727","36","R.pool30","D",NA,5
"728","36","R.pool30","S",-1,3
"729","36","R.pool30","S",0,44
"730","36","R.pool30","S",NA,7
"731","37","Rspan.short","D",0,43
"732","37","Rspan.short","D",NA,11
"733","37","Rspan.short","S",-1,8
"734","37","Rspan.short","S",0,34
"735","37","Rspan.short","S",1,1
"736","37","Rspan.short","S",NA,11
"737","37","R.pool60","D",-1,7
"738","37","R.pool60","D",0,35
"739","37","R.pool60","D",NA,12
"740","37","R.pool60","S",-1,2
"741","37","R.pool60","S",0,43
"742","37","R.pool60","S",1,1
"743","37","R.pool60","S",NA,8
"744","38","Rspan.long","D",-1,6
"745","38","Rspan.long","D",0,24
"746","38","Rspan.long","D",1,1
"747","38","Rspan.long","D",NA,23
"748","38","Rspan.long","S",-2,1
"749","38","Rspan.long","S",-1,6
"750","38","Rspan.long","S",0,30
"751","38","Rspan.long","S",1,3
"752","38","Rspan.long","S",NA,14
"753","38","R.pool15","D",-1,3
"754","38","R.pool15","D",0,26
"755","38","R.pool15","D",1,1
"756","38","R.pool15","D",2,2
"757","38","R.pool15","D",NA,31
"758","38","R.pool15","S",-3,2
"759","38","R.pool15","S",-1,2
"760","38","R.pool15","S",0,34
"761","38","R.pool15","S",1,1
"762","38","R.pool15","S",2,1
"763","38","R.pool15","S",3,1
"764","38","R.pool15","S",NA,23
"765","39","Rspan.short","D",-1,5
"766","39","Rspan.short","D",0,31
"767","39","Rspan.short","D",1,4
"768","39","Rspan.short","D",NA,15
"769","39","Rspan.short","S",-1,2
"770","39","Rspan.short","S",0,42
"771","39","Rspan.short","S",NA,10
"772","39","R.pool10","D",-1,1
"773","39","R.pool10","D",0,48
"774","39","R.pool10","D",NA,5
"775","39","R.pool10","S",-1,2
"776","39","R.pool10","S",0,47
"777","39","R.pool10","S",NA,5
"778","40","Rspan.long","D",-2,3
"779","40","Rspan.long","D",-1,6
"780","40","Rspan.long","D",0,19
"781","40","Rspan.long","D",1,3
"782","40","Rspan.long","D",NA,23
"783","40","Rspan.long","S",-3,1
"784","40","Rspan.long","S",-1,8
"785","40","Rspan.long","S",0,27
"786","40","Rspan.long","S",1,2
"787","40","Rspan.long","S",NA,16
"788","40","R.pool30","D",-1,3
"789","40","R.pool30","D",0,21
"790","40","R.pool30","D",1,3
"791","40","R.pool30","D",2,2
"792","40","R.pool30","D",4,1
"793","40","R.pool30","D",NA,25
"794","40","R.pool30","S",-3,1
"795","40","R.pool30","S",-2,1
"796","40","R.pool30","S",-1,8
"797","40","R.pool30","S",0,12
"798","40","R.pool30","S",1,12
"799","40","R.pool30","S",2,1
"800","40","R.pool30","S",3,1
"801","40","R.pool30","S",NA,19
"802","41","Rspan.short","D",-3,1
"803","41","Rspan.short","D",-2,3
"804","41","Rspan.short","D",-1,2
"805","41","Rspan.short","D",0,24
"806","41","Rspan.short","D",NA,24
"807","41","Rspan.short","S",-2,2
"808","41","Rspan.short","S",-1,6
"809","41","Rspan.short","S",0,28
"810","41","Rspan.short","S",1,1
"811","41","Rspan.short","S",NA,17
"812","41","R.pool60","D",-1,6
"813","41","R.pool60","D",0,41
"814","41","R.pool60","D",1,2
"815","41","R.pool60","D",NA,15
"816","41","R.pool60","S",-1,2
"817","41","R.pool60","S",0,45
"818","41","R.pool60","S",1,2
"819","41","R.pool60","S",NA,15
"820","42","Rspan.long","D",-1,6
"821","42","Rspan.long","D",0,22
"822","42","Rspan.long","D",NA,26
"823","42","Rspan.long","S",-2,1
"824","42","Rspan.long","S",-1,2
"825","42","Rspan.long","S",0,25
"826","42","Rspan.long","S",1,3
"827","42","Rspan.long","S",NA,25
"828","42","R.pool30","D",-2,1
"829","42","R.pool30","D",-1,6
"830","42","R.pool30","D",0,27
"831","42","R.pool30","D",1,1
"832","42","R.pool30","D",2,1
"833","42","R.pool30","D",NA,18
"834","42","R.pool30","S",-3,2
"835","42","R.pool30","S",-2,1
"836","42","R.pool30","S",-1,7
"837","42","R.pool30","S",0,30
"838","42","R.pool30","S",1,1
"839","42","R.pool30","S",2,2
"840","42","R.pool30","S",NA,11
"841","43","Rspan.short","D",-2,1
"842","43","Rspan.short","D",-1,3
"843","43","Rspan.short","D",0,38
"844","43","Rspan.short","D",NA,13
"845","43","Rspan.short","S",-3,1
"846","43","Rspan.short","S",-2,2
"847","43","Rspan.short","S",-1,7
"848","43","Rspan.short","S",0,25
"849","43","Rspan.short","S",1,1
"850","43","Rspan.short","S",2,2
"851","43","Rspan.short","S",NA,17
"852","43","R.pool10","D",0,42
"853","43","R.pool10","D",NA,22
"854","43","R.pool10","S",-1,1
"855","43","R.pool10","S",0,39
"856","43","R.pool10","S",1,4
"857","43","R.pool10","S",NA,20
"858","44","Rspan.long","D",-1,5
"859","44","Rspan.long","D",0,23
"860","44","Rspan.long","D",1,1
"861","44","Rspan.long","D",NA,33
"862","44","Rspan.long","S",-3,1
"863","44","Rspan.long","S",-2,4
"864","44","Rspan.long","S",-1,4
"865","44","Rspan.long","S",0,26
"866","44","Rspan.long","S",1,4
"867","44","Rspan.long","S",NA,22
"868","44","R.pool15","D",-3,4
"869","44","R.pool15","D",-2,7
"870","44","R.pool15","D",-1,5
"871","44","R.pool15","D",0,15
"872","44","R.pool15","D",NA,27
"873","44","R.pool15","S",-3,2
"874","44","R.pool15","S",-2,3
"875","44","R.pool15","S",-1,13
"876","44","R.pool15","S",0,22
"877","44","R.pool15","S",1,3
"878","44","R.pool15","S",NA,15
"879","45","Rspan.short","D",-1,4
"880","45","Rspan.short","D",0,24
"881","45","Rspan.short","D",NA,29
"882","45","Rspan.short","S",-1,2
"883","45","Rspan.short","S",0,34
"884","45","Rspan.short","S",NA,22
"885","46","Rspan.long","D",-1,6
"886","46","Rspan.long","D",0,35
"887","46","Rspan.long","D",1,1
"888","46","Rspan.long","D",NA,12
"889","46","Rspan.long","S",-2,1
"890","46","Rspan.long","S",0,48
"891","46","Rspan.long","S",1,1
"892","46","Rspan.long","S",NA,6
"893","46","R.pool15","D",-1,1
"894","46","R.pool15","D",0,41
"895","46","R.pool15","D",1,3
"896","46","R.pool15","D",NA,9
"897","46","R.pool15","S",-1,1
"898","46","R.pool15","S",0,49
"899","46","R.pool15","S",NA,4
"900","47","Rspan.short","D",-1,7
"901","47","Rspan.short","D",0,24
"902","47","Rspan.short","D",1,2
"903","47","Rspan.short","D",2,1
"904","47","Rspan.short","D",NA,29
"905","47","Rspan.short","S",-2,2
"906","47","Rspan.short","S",-1,6
"907","47","Rspan.short","S",0,24
"908","47","Rspan.short","S",1,3
"909","47","Rspan.short","S",2,1
"910","47","Rspan.short","S",NA,27
"911","47","R.pool60","D",-1,5
"912","47","R.pool60","D",0,33
"913","47","R.pool60","D",NA,16
"914","47","R.pool60","S",-1,2
"915","47","R.pool60","S",0,42
"916","47","R.pool60","S",1,1
"917","47","R.pool60","S",NA,9
"918","48","R.pool10","D",-1,5
"919","48","R.pool10","D",0,40
"920","48","R.pool10","D",NA,9
"921","48","R.pool10","S",-1,1
"922","48","R.pool10","S",0,42
"923","48","R.pool10","S",1,2
"924","48","R.pool10","S",NA,10
"925","49","Rspan.short","D",-2,2
"926","49","Rspan.short","D",-1,4
"927","49","Rspan.short","D",0,19
"928","49","Rspan.short","D",NA,30
"929","49","Rspan.short","S",-3,1
"930","49","Rspan.short","S",-2,1
"931","49","Rspan.short","S",-1,3
"932","49","Rspan.short","S",0,29
"933","49","Rspan.short","S",NA,21
"934","49","R.pool60","D",-3,1
"935","49","R.pool60","D",-2,1
"936","49","R.pool60","D",-1,8
"937","49","R.pool60","D",0,21
"938","49","R.pool60","D",1,1
"939","49","R.pool60","D",NA,22
"940","49","R.pool60","S",-2,1
"941","49","R.pool60","S",-1,2
"942","49","R.pool60","S",0,29
"943","49","R.pool60","S",1,3
"944","49","R.pool60","S",NA,19
"945","50","R.pool15","D",0,43
"946","50","R.pool15","D",1,1
"947","50","R.pool15","D",NA,10
"948","50","R.pool15","S",-2,1
"949","50","R.pool15","S",-1,2
"950","50","R.pool15","S",0,40
"951","50","R.pool15","S",1,1
"952","50","R.pool15","S",NA,11
"953","51","Rspan.short","D",-3,1
"954","51","Rspan.short","D",-2,8
"955","51","Rspan.short","D",-1,4
"956","51","Rspan.short","D",0,23
"957","51","Rspan.short","D",NA,18
"958","51","Rspan.short","S",-1,2
"959","51","Rspan.short","S",0,39
"960","51","Rspan.short","S",1,2
"961","51","Rspan.short","S",NA,11
"962","51","R.pool15","D",-3,2
"963","51","R.pool15","D",-2,4
"964","51","R.pool15","D",-1,6
"965","51","R.pool15","D",0,29
"966","51","R.pool15","D",NA,13
"967","51","R.pool15","S",-2,1
"968","51","R.pool15","S",-1,8
"969","51","R.pool15","S",0,35
"970","51","R.pool15","S",NA,10
"971","52","R.pool30","D",-1,6
"972","52","R.pool30","D",0,34
"973","52","R.pool30","D",1,1
"974","52","R.pool30","D",NA,13
"975","52","R.pool30","S",-1,6
"976","52","R.pool30","S",0,31
"977","52","R.pool30","S",1,3
"978","52","R.pool30","S",NA,14
"979","53","spOspan.noVer","D",-1,3
"980","53","spOspan.noVer","D",0,42
"981","53","spOspan.noVer","D",1,2
"982","53","spOspan.noVer","D",NA,8
"983","53","spOspan.noVer","S",-3,1
"984","53","spOspan.noVer","S",-1,4
"985","53","spOspan.noVer","S",0,37
"986","53","spOspan.noVer","S",1,1
"987","53","spOspan.noVer","S",NA,13
"988","53","R.pool10","D",-1,5
"989","53","R.pool10","D",0,41
"990","53","R.pool10","D",NA,9
"991","53","R.pool10","S",-1,2
"992","53","R.pool10","S",0,39
"993","53","R.pool10","S",NA,13
"994","54","R.scramb","D",-3,1
"995","54","R.scramb","D",-1,2
"996","54","R.scramb","D",0,42
"997","54","R.scramb","D",NA,18
"998","54","R.scramb","S",-1,3
"999","54","R.scramb","S",0,42
"1000","54","R.scramb","S",1,1
"1001","54","R.scramb","S",NA,15
"1002","54","R.pool10","D",-1,1
"1003","54","R.pool10","D",0,38
"1004","54","R.pool10","D",NA,15
"1005","54","R.pool10","S",-1,3
"1006","54","R.pool10","S",0,45
"1007","54","R.pool10","S",NA,6
"1008","55","spOspan.noVer","D",-2,1
"1009","55","spOspan.noVer","D",-1,4
"1010","55","spOspan.noVer","D",0,40
"1011","55","spOspan.noVer","D",NA,9
"1012","55","spOspan.noVer","S",-2,2
"1013","55","spOspan.noVer","S",-1,2
"1014","55","spOspan.noVer","S",0,36
"1015","55","spOspan.noVer","S",1,1
"1016","55","spOspan.noVer","S",2,1
"1017","55","spOspan.noVer","S",NA,12
"1018","55","R.pool30","D",-1,1
"1019","55","R.pool30","D",0,17
"1020","55","R.pool30","D",1,3
"1021","55","R.pool30","D",NA,33
"1022","55","R.pool30","S",-3,1
"1023","55","R.pool30","S",-2,2
"1024","55","R.pool30","S",-1,7
"1025","55","R.pool30","S",0,17
"1026","55","R.pool30","S",1,8
"1027","55","R.pool30","S",NA,19
"1028","56","R.pool60","D",-2,3
"1029","56","R.pool60","D",-1,5
"1030","56","R.pool60","D",0,26
"1031","56","R.pool60","D",NA,20
"1032","56","R.pool60","S",-2,1
"1033","56","R.pool60","S",-1,8
"1034","56","R.pool60","S",0,33
"1035","56","R.pool60","S",NA,12
"1036","57","spOspan.noVer","D",-2,2
"1037","57","spOspan.noVer","D",-1,7
"1038","57","spOspan.noVer","D",0,36
"1039","57","spOspan.noVer","D",1,4
"1040","57","spOspan.noVer","D",2,1
"1041","57","spOspan.noVer","D",NA,5
"1042","57","spOspan.noVer","S",-1,1
"1043","57","spOspan.noVer","S",0,45
"1044","57","spOspan.noVer","S",2,1
"1045","57","spOspan.noVer","S",NA,7
"1046","57","R.pool60","D",-1,8
"1047","57","R.pool60","D",0,29
"1048","57","R.pool60","D",NA,23
"1049","57","R.pool60","S",-1,3
"1050","57","R.pool60","S",0,40
"1051","57","R.pool60","S",1,2
"1052","57","R.pool60","S",NA,16
"1053","58","spOspan.noVer","D",-2,1
"1054","58","spOspan.noVer","D",-1,3
"1055","58","spOspan.noVer","D",0,40
"1056","58","spOspan.noVer","D",1,2
"1057","58","spOspan.noVer","D",2,1
"1058","58","spOspan.noVer","D",NA,8
"1059","58","spOspan.noVer","S",-2,3
"1060","58","spOspan.noVer","S",-1,7
"1061","58","spOspan.noVer","S",0,23
"1062","58","spOspan.noVer","S",1,6
"1063","58","spOspan.noVer","S",2,1
"1064","58","spOspan.noVer","S",NA,14
"1065","58","R.pool10","D",-2,1
"1066","58","R.pool10","D",-1,8
"1067","58","R.pool10","D",0,27
"1068","58","R.pool10","D",NA,20
"1069","58","R.pool10","S",-3,1
"1070","58","R.pool10","S",-2,1
"1071","58","R.pool10","S",-1,7
"1072","58","R.pool10","S",0,31
"1073","58","R.pool10","S",1,5
"1074","58","R.pool10","S",NA,10
"1075","59","spOspan.noVer","D",-2,4
"1076","59","spOspan.noVer","D",-1,3
"1077","59","spOspan.noVer","D",0,24
"1078","59","spOspan.noVer","D",2,2
"1079","59","spOspan.noVer","D",4,2
"1080","59","spOspan.noVer","D",NA,24
"1081","59","spOspan.noVer","S",-4,1
"1082","59","spOspan.noVer","S",-3,2
"1083","59","spOspan.noVer","S",-2,1
"1084","59","spOspan.noVer","S",-1,3
"1085","59","spOspan.noVer","S",0,36
"1086","59","spOspan.noVer","S",1,3
"1087","59","spOspan.noVer","S",2,1
"1088","59","spOspan.noVer","S",NA,7
"1089","59","R.pool30","D",-3,2
"1090","59","R.pool30","D",-2,5
"1091","59","R.pool30","D",-1,9
"1092","59","R.pool30","D",0,14
"1093","59","R.pool30","D",1,1
"1094","59","R.pool30","D",NA,23
"1095","59","R.pool30","S",-4,1
"1096","59","R.pool30","S",-3,4
"1097","59","R.pool30","S",-2,7
"1098","59","R.pool30","S",-1,4
"1099","59","R.pool30","S",0,12
"1100","59","R.pool30","S",NA,26
"1101","60","R.pool10","D",-1,5
"1102","60","R.pool10","D",0,24
"1103","60","R.pool10","D",NA,26
"1104","60","R.pool10","S",-1,7
"1105","60","R.pool10","S",0,21
"1106","60","R.pool10","S",1,5
"1107","60","R.pool10","S",2,2
"1108","60","R.pool10","S",NA,20
"1109","61","R.scramb","D",-2,1
"1110","61","R.scramb","D",-1,9
"1111","61","R.scramb","D",0,36
"1112","61","R.scramb","D",1,1
"1113","61","R.scramb","D",NA,7
"1114","61","R.scramb","S",-1,9
"1115","61","R.scramb","S",0,31
"1116","61","R.scramb","S",1,4
"1117","61","R.scramb","S",NA,10
"1118","61","R.pool60","D",-1,1
"1119","61","R.pool60","D",0,50
"1120","61","R.pool60","D",NA,3
"1121","61","R.pool60","S",0,51
"1122","61","R.pool60","S",NA,3
"1123","62","R.scramb","D",-1,3
"1124","62","R.scramb","D",0,21
"1125","62","R.scramb","D",1,4
"1126","62","R.scramb","D",NA,29
"1127","62","R.scramb","S",-3,1
"1128","62","R.scramb","S",-2,1
"1129","62","R.scramb","S",-1,4
"1130","62","R.scramb","S",0,30
"1131","62","R.scramb","S",2,1
"1132","62","R.scramb","S",3,1
"1133","62","R.scramb","S",NA,17
"1134","62","R.pool15","D",-1,4
"1135","62","R.pool15","D",0,30
"1136","62","R.pool15","D",NA,20
"1137","62","R.pool15","S",-1,3
"1138","62","R.pool15","S",0,41
"1139","62","R.pool15","S",1,1
"1140","62","R.pool15","S",NA,9
"1141","63","Ospan.scram.noVer","D",0,54
"1142","63","Ospan.scram.noVer","D",NA,12
"1143","63","Ospan.scram.noVer","S",-1,1
"1144","63","Ospan.scram.noVer","S",0,52
"1145","63","Ospan.scram.noVer","S",NA,12
"1146","63","spOspan.noVer","D",-1,1
"1147","63","spOspan.noVer","D",0,46
"1148","63","spOspan.noVer","D",1,1
"1149","63","spOspan.noVer","D",NA,6
"1150","63","spOspan.noVer","S",-2,1
"1151","63","spOspan.noVer","S",-1,5
"1152","63","spOspan.noVer","S",0,35
"1153","63","spOspan.noVer","S",1,4
"1154","63","spOspan.noVer","S",2,1
"1155","63","spOspan.noVer","S",NA,8
"1156","63","R.pool30","D",-1,1
"1157","63","R.pool30","D",0,43
"1158","63","R.pool30","D",NA,10
"1159","63","R.pool30","S",0,53
"1160","63","R.pool30","S",NA,1
"1161","64","Ospan.scram.noVer","D",-2,2
"1162","64","Ospan.scram.noVer","D",0,27
"1163","64","Ospan.scram.noVer","D",NA,25
"1164","64","Ospan.scram.noVer","S",-3,3
"1165","64","Ospan.scram.noVer","S",-1,1
"1166","64","Ospan.scram.noVer","S",0,36
"1167","64","Ospan.scram.noVer","S",NA,14
"1168","64","spOspan.noVer","D",-2,1
"1169","64","spOspan.noVer","D",-1,3
"1170","64","spOspan.noVer","D",0,28
"1171","64","spOspan.noVer","D",1,1
"1172","64","spOspan.noVer","D",2,1
"1173","64","spOspan.noVer","D",NA,27
"1174","64","spOspan.noVer","S",-2,1
"1175","64","spOspan.noVer","S",-1,7
"1176","64","spOspan.noVer","S",0,36
"1177","64","spOspan.noVer","S",1,1
"1178","64","spOspan.noVer","S",NA,14
"1179","65","Ospan.scram.noVer","D",-2,2
"1180","65","Ospan.scram.noVer","D",-1,9
"1181","65","Ospan.scram.noVer","D",0,32
"1182","65","Ospan.scram.noVer","D",1,3
"1183","65","Ospan.scram.noVer","D",NA,9
"1184","65","Ospan.scram.noVer","S",-2,1
"1185","65","Ospan.scram.noVer","S",-1,4
"1186","65","Ospan.scram.noVer","S",0,39
"1187","65","Ospan.scram.noVer","S",1,3
"1188","65","Ospan.scram.noVer","S",NA,10
"1189","66","Ospan.scram.noVer","D",-1,3
"1190","66","Ospan.scram.noVer","D",0,44
"1191","66","Ospan.scram.noVer","D",1,1
"1192","66","Ospan.scram.noVer","D",NA,6
"1193","66","Ospan.scram.noVer","S",-2,1
"1194","66","Ospan.scram.noVer","S",-1,3
"1195","66","Ospan.scram.noVer","S",0,38
"1196","66","Ospan.scram.noVer","S",1,3
"1197","66","Ospan.scram.noVer","S",2,1
"1198","66","Ospan.scram.noVer","S",NA,8
"1199","66","R.scramb","D",-3,2
"1200","66","R.scramb","D",-2,3
"1201","66","R.scramb","D",-1,3
"1202","66","R.scramb","D",0,25
"1203","66","R.scramb","D",1,1
"1204","66","R.scramb","D",3,1
"1205","66","R.scramb","D",NA,19
"1206","66","R.scramb","S",-1,3
"1207","66","R.scramb","S",0,42
"1208","66","R.scramb","S",NA,9
"1209","67","Ospan.scram.noVer","D",0,43
"1210","67","Ospan.scram.noVer","D",NA,11
"1211","67","Ospan.scram.noVer","S",-1,4
"1212","67","Ospan.scram.noVer","S",0,31
"1213","67","Ospan.scram.noVer","S",1,1
"1214","67","Ospan.scram.noVer","S",NA,18
"1215","67","R.scramb","D",-1,8
"1216","67","R.scramb","D",0,24
"1217","67","R.scramb","D",NA,22
"1218","67","R.scramb","S",-1,4
"1219","67","R.scramb","S",0,43
"1220","67","R.scramb","S",NA,7
"1221","68","Ospan.scram.noVer","D",-2,1
"1222","68","Ospan.scram.noVer","D",-1,2
"1223","68","Ospan.scram.noVer","D",0,40
"1224","68","Ospan.scram.noVer","D",NA,11
"1225","68","Ospan.scram.noVer","S",-3,1
"1226","68","Ospan.scram.noVer","S",-2,1
"1227","68","Ospan.scram.noVer","S",-1,1
"1228","68","Ospan.scram.noVer","S",0,35
"1229","68","Ospan.scram.noVer","S",1,1
"1230","68","Ospan.scram.noVer","S",2,2
"1231","68","Ospan.scram.noVer","S",NA,13
"1232","68","R.scramb","D",-4,1
"1233","68","R.scramb","D",-3,4
"1234","68","R.scramb","D",-2,3
"1235","68","R.scramb","D",-1,6
"1236","68","R.scramb","D",0,22
"1237","68","R.scramb","D",NA,18
"1238","68","R.scramb","S",-3,3
"1239","68","R.scramb","S",-2,4
"1240","68","R.scramb","S",-1,10
"1241","68","R.scramb","S",0,21
"1242","68","R.scramb","S",NA,16
"1243","69","Ospan.scram.noVer","D",-1,1
"1244","69","Ospan.scram.noVer","D",0,24
"1245","69","Ospan.scram.noVer","D",1,7
"1246","69","Ospan.scram.noVer","D",NA,25
"1247","69","Ospan.scram.noVer","S",0,26
"1248","69","Ospan.scram.noVer","S",1,8
"1249","69","Ospan.scram.noVer","S",NA,21
"1250","69","spOspan.noVer","D",-1,2
"1251","69","spOspan.noVer","D",0,31
"1252","69","spOspan.noVer","D",1,1
"1253","69","spOspan.noVer","D",3,1
"1254","69","spOspan.noVer","D",NA,20
"1255","69","spOspan.noVer","S",-3,1
"1256","69","spOspan.noVer","S",-1,8
"1257","69","spOspan.noVer","S",0,20
"1258","69","spOspan.noVer","S",1,4
"1259","69","spOspan.noVer","S",NA,21
"1260","70","Ospan.scram.noVer","D",-1,5
"1261","70","Ospan.scram.noVer","D",0,33
"1262","70","Ospan.scram.noVer","D",NA,16
"1263","70","Ospan.scram.noVer","S",-2,1
"1264","70","Ospan.scram.noVer","S",-1,4
"1265","70","Ospan.scram.noVer","S",0,24
"1266","70","Ospan.scram.noVer","S",1,5
"1267","70","Ospan.scram.noVer","S",2,3
"1268","70","Ospan.scram.noVer","S",NA,17
"1269","70","R.scramb","D",-2,1
"1270","70","R.scramb","D",-1,7
"1271","70","R.scramb","D",0,15
"1272","70","R.scramb","D",1,3
"1273","70","R.scramb","D",NA,28
"1274","70","R.scramb","S",-2,3
"1275","70","R.scramb","S",-1,8
"1276","70","R.scramb","S",0,22
"1277","70","R.scramb","S",1,2
"1278","70","R.scramb","S",2,1
"1279","70","R.scramb","S",NA,19
"1280","71","Ospan.scram.noVer","D",-1,3
"1281","71","Ospan.scram.noVer","D",0,36
"1282","71","Ospan.scram.noVer","D",1,2
"1283","71","Ospan.scram.noVer","D",NA,15
"1284","71","Ospan.scram.noVer","S",-1,8
"1285","71","Ospan.scram.noVer","S",0,34
"1286","71","Ospan.scram.noVer","S",1,1
"1287","71","Ospan.scram.noVer","S",2,1
"1288","71","Ospan.scram.noVer","S",NA,10
"1289","71","spOspan.noVer","D",-1,6
"1290","71","spOspan.noVer","D",0,36
"1291","71","spOspan.noVer","D",1,3
"1292","71","spOspan.noVer","D",2,1
"1293","71","spOspan.noVer","D",NA,8
"1294","71","spOspan.noVer","S",-2,1
"1295","71","spOspan.noVer","S",-1,4
"1296","71","spOspan.noVer","S",0,38
"1297","71","spOspan.noVer","S",1,1
"1298","71","spOspan.noVer","S",NA,10
"1299","72","Ospan.scram.noVer","D",-2,3
"1300","72","Ospan.scram.noVer","D",-1,10
"1301","72","Ospan.scram.noVer","D",0,31
"1302","72","Ospan.scram.noVer","D",NA,10
"1303","72","Ospan.scram.noVer","S",-2,1
"1304","72","Ospan.scram.noVer","S",-1,1
"1305","72","Ospan.scram.noVer","S",0,39
"1306","72","Ospan.scram.noVer","S",NA,14
"1307","72","R.scramb","D",-1,3
"1308","72","R.scramb","D",0,23
"1309","72","R.scramb","D",1,2
"1310","72","R.scramb","D",NA,28
"1311","72","R.scramb","S",-3,2
"1312","72","R.scramb","S",-2,2
"1313","72","R.scramb","S",-1,4
"1314","72","R.scramb","S",0,32
"1315","72","R.scramb","S",1,1
"1316","72","R.scramb","S",NA,13
"1317","73","Ospan.scram.noVer","D",-1,10
"1318","73","Ospan.scram.noVer","D",0,34
"1319","73","Ospan.scram.noVer","D",NA,10
"1320","73","Ospan.scram.noVer","S",-1,7
"1321","73","Ospan.scram.noVer","S",0,38
"1322","73","Ospan.scram.noVer","S",1,2
"1323","73","Ospan.scram.noVer","S",NA,7
"1324","77","Rspan.names.short","D",0,45
"1325","77","Rspan.names.short","D",1,1
"1326","77","Rspan.names.short","D",NA,9
"1327","77","Rspan.names.short","S",-1,3
"1328","77","Rspan.names.short","S",0,43
"1329","77","Rspan.names.short","S",NA,9
"1330","78","Rspan.names.short","D",-1,3
"1331","78","Rspan.names.short","D",0,43
"1332","78","Rspan.names.short","D",1,1
"1333","78","Rspan.names.short","D",NA,7
"1334","78","Rspan.names.short","S",-1,5
"1335","78","Rspan.names.short","S",0,41
"1336","78","Rspan.names.short","S",1,2
"1337","78","Rspan.names.short","S",NA,6
"1338","79","Rspan.names.short","D",-1,6
"1339","79","Rspan.names.short","D",0,25
"1340","79","Rspan.names.short","D",NA,23
"1341","79","Rspan.names.short","S",-2,2
"1342","79","Rspan.names.short","S",-1,9
"1343","79","Rspan.names.short","S",0,21
"1344","79","Rspan.names.short","S",1,6
"1345","79","Rspan.names.short","S",NA,17
"1346","80","Rspan.names.long","D",-1,5
"1347","80","Rspan.names.long","D",0,22
"1348","80","Rspan.names.long","D",1,3
"1349","80","Rspan.names.long","D",3,1
"1350","80","Rspan.names.long","D",NA,26
"1351","80","Rspan.names.long","S",-2,1
"1352","80","Rspan.names.long","S",-1,3
"1353","80","Rspan.names.long","S",0,21
"1354","80","Rspan.names.long","S",1,4
"1355","80","Rspan.names.long","S",2,1
"1356","80","Rspan.names.long","S",3,3
"1357","80","Rspan.names.long","S",NA,26
"1358","81","Rspan.names.long","D",-1,1
"1359","81","Rspan.names.long","D",0,42
"1360","81","Rspan.names.long","D",1,1
"1361","81","Rspan.names.long","D",NA,10
"1362","81","Rspan.names.long","S",-1,5
"1363","81","Rspan.names.long","S",0,38
"1364","81","Rspan.names.long","S",1,1
"1365","81","Rspan.names.long","S",NA,10
"1366","82","Rspan.names.long","D",-1,3
"1367","82","Rspan.names.long","D",0,45
"1368","82","Rspan.names.long","D",NA,7
"1369","82","Rspan.names.long","S",-2,1
"1370","82","Rspan.names.long","S",0,45
"1371","82","Rspan.names.long","S",NA,8
"1372","84","Rspan.names.short","D",-1,5
"1373","84","Rspan.names.short","D",0,40
"1374","84","Rspan.names.short","D",1,2
"1375","84","Rspan.names.short","D",NA,7
"1376","84","Rspan.names.short","S",-1,2
"1377","84","Rspan.names.short","S",0,41
"1378","84","Rspan.names.short","S",1,1
"1379","84","Rspan.names.short","S",NA,10
"1380","85","Rspan.names.short","D",-1,3
"1381","85","Rspan.names.short","D",0,38
"1382","85","Rspan.names.short","D",1,2
"1383","85","Rspan.names.short","D",NA,11
"1384","85","Rspan.names.short","S",-2,1
"1385","85","Rspan.names.short","S",-1,1
"1386","85","Rspan.names.short","S",0,41
"1387","85","Rspan.names.short","S",1,3
"1388","85","Rspan.names.short","S",NA,8
"1389","85","spOspan.noVer","D",-3,2
"1390","85","spOspan.noVer","D",-1,2
"1391","85","spOspan.noVer","D",0,39
"1392","85","spOspan.noVer","D",NA,12
"1393","85","spOspan.noVer","S",-2,1
"1394","85","spOspan.noVer","S",-1,5
"1395","85","spOspan.noVer","S",0,36
"1396","85","spOspan.noVer","S",1,4
"1397","85","spOspan.noVer","S",NA,8
"1398","86","R.scramb","D",-2,1
"1399","86","R.scramb","D",-1,6
"1400","86","R.scramb","D",0,16
"1401","86","R.scramb","D",NA,31
"1402","86","R.scramb","S",-2,4
"1403","86","R.scramb","S",-1,9
"1404","86","R.scramb","S",0,16
"1405","86","R.scramb","S",NA,25
"1406","86","Rspan.names.short","D",-1,2
"1407","86","Rspan.names.short","D",0,50
"1408","86","Rspan.names.short","D",NA,2
"1409","86","Rspan.names.short","S",0,52
"1410","86","Rspan.names.short","S",NA,2
"1411","87","Rspan.names.long","D",-2,2
"1412","87","Rspan.names.long","D",-1,2
"1413","87","Rspan.names.long","D",0,44
"1414","87","Rspan.names.long","D",1,2
"1415","87","Rspan.names.long","D",NA,4
"1416","87","Rspan.names.long","S",-1,1
"1417","87","Rspan.names.long","S",0,51
"1418","87","Rspan.names.long","S",NA,2
"1419","87","spOspan.noVer","D",-3,1
"1420","87","spOspan.noVer","D",-2,1
"1421","87","spOspan.noVer","D",-1,3
"1422","87","spOspan.noVer","D",0,41
"1423","87","spOspan.noVer","D",NA,9
"1424","87","spOspan.noVer","S",-3,1
"1425","87","spOspan.noVer","S",0,39
"1426","87","spOspan.noVer","S",NA,14
"1427","88","R.scramb","D",-1,2
"1428","88","R.scramb","D",0,15
"1429","88","R.scramb","D",NA,38
"1430","88","R.scramb","S",-1,7
"1431","88","R.scramb","S",0,25
"1432","88","R.scramb","S",NA,22
"1433","88","Rspan.names.short","D",-1,6
"1434","88","Rspan.names.short","D",0,35
"1435","88","Rspan.names.short","D",1,5
"1436","88","Rspan.names.short","D",NA,9
"1437","88","Rspan.names.short","S",-1,9
"1438","88","Rspan.names.short","S",0,29
"1439","88","Rspan.names.short","S",1,3
"1440","88","Rspan.names.short","S",NA,13
"1441","89","Rspan.names.long","D",-1,3
"1442","89","Rspan.names.long","D",0,27
"1443","89","Rspan.names.long","D",1,1
"1444","89","Rspan.names.long","D",NA,24
"1445","89","Rspan.names.long","S",-2,2
"1446","89","Rspan.names.long","S",-1,12
"1447","89","Rspan.names.long","S",0,20
"1448","89","Rspan.names.long","S",1,2
"1449","89","Rspan.names.long","S",NA,18
"1450","90","Rspan.names.long","D",-1,2
"1451","90","Rspan.names.long","D",0,47
"1452","90","Rspan.names.long","D",NA,5
"1453","90","Rspan.names.long","S",-1,1
"1454","90","Rspan.names.long","S",0,48
"1455","90","Rspan.names.long","S",1,1
"1456","90","Rspan.names.long","S",NA,4
"1457","91","Rspan.names.long","D",0,50
"1458","91","Rspan.names.long","D",1,2
"1459","91","Rspan.names.long","D",NA,4
"1460","91","Rspan.names.long","S",-1,2
"1461","91","Rspan.names.long","S",0,43
"1462","91","Rspan.names.long","S",1,4
"1463","91","Rspan.names.long","S",NA,7
"1464","91","spOspan.noVer","D",-2,1
"1465","91","spOspan.noVer","D",0,45
"1466","91","spOspan.noVer","D",2,1
"1467","91","spOspan.noVer","D",NA,7
"1468","91","spOspan.noVer","S",-1,9
"1469","91","spOspan.noVer","S",0,27
"1470","91","spOspan.noVer","S",1,1
"1471","91","spOspan.noVer","S",2,1
"1472","91","spOspan.noVer","S",NA,16
"1473","92","R.scramb","D",-1,1
"1474","92","R.scramb","D",0,38
"1475","92","R.scramb","D",1,3
"1476","92","R.scramb","D",NA,13
"1477","92","R.scramb","S",0,51
"1478","92","R.scramb","S",NA,4
"1479","92","Rspan.names.long","D",0,54
"1480","92","Rspan.names.long","S",0,53
"1481","92","Rspan.names.long","S",NA,1
"1482","93","Rspan.names.long","D",-3,3
"1483","93","Rspan.names.long","D",-2,3
"1484","93","Rspan.names.long","D",-1,9
"1485","93","Rspan.names.long","D",0,23
"1486","93","Rspan.names.long","D",NA,16
"1487","93","Rspan.names.long","S",-4,1
"1488","93","Rspan.names.long","S",-3,3
"1489","93","Rspan.names.long","S",-2,3
"1490","93","Rspan.names.long","S",-1,5
"1491","93","Rspan.names.long","S",0,25
"1492","93","Rspan.names.long","S",1,2
"1493","93","Rspan.names.long","S",NA,15
"1494","93","spOspan.noVer","D",0,45
"1495","93","spOspan.noVer","D",1,2
"1496","93","spOspan.noVer","D",2,1
"1497","93","spOspan.noVer","D",3,1
"1498","93","spOspan.noVer","D",NA,5
"1499","93","spOspan.noVer","S",-1,1
"1500","93","spOspan.noVer","S",0,51
"1501","93","spOspan.noVer","S",1,1
"1502","93","spOspan.noVer","S",NA,2
"1503","94","R.scramb","D",0,23
"1504","94","R.scramb","D",1,7
"1505","94","R.scramb","D",NA,26
"1506","94","R.scramb","S",-3,2
"1507","94","R.scramb","S",-2,1
"1508","94","R.scramb","S",-1,4
"1509","94","R.scramb","S",0,24
"1510","94","R.scramb","S",1,7
"1511","94","R.scramb","S",2,1
"1512","94","R.scramb","S",NA,15
"1513","94","Rspan.names.short","D",-1,2
"1514","94","Rspan.names.short","D",0,50
"1515","94","Rspan.names.short","D",NA,2
"1516","94","Rspan.names.short","S",-1,6
"1517","94","Rspan.names.short","S",0,40
"1518","94","Rspan.names.short","S",1,3
"1519","94","Rspan.names.short","S",NA,5
"1520","96","R.scramb","D",-2,1
"1521","96","R.scramb","D",0,38
"1522","96","R.scramb","D",NA,20
"1523","96","R.scramb","S",-1,4
"1524","96","R.scramb","S",0,37
"1525","96","R.scramb","S",1,1
"1526","96","R.scramb","S",2,1
"1527","96","R.scramb","S",NA,11
"1528","96","Rspan.names.long","D",-2,1
"1529","96","Rspan.names.long","D",-1,11
"1530","96","Rspan.names.long","D",0,31
"1531","96","Rspan.names.long","D",NA,11
"1532","96","Rspan.names.long","S",-2,1
"1533","96","Rspan.names.long","S",-1,6
"1534","96","Rspan.names.long","S",0,40
"1535","96","Rspan.names.long","S",NA,7
"1536","97","R.scramb","D",-2,2
"1537","97","R.scramb","D",-1,6
"1538","97","R.scramb","D",0,17
"1539","97","R.scramb","D",1,1
"1540","97","R.scramb","D",NA,30
"1541","97","R.scramb","S",-3,1
"1542","97","R.scramb","S",-2,1
"1543","97","R.scramb","S",-1,10
"1544","97","R.scramb","S",0,20
"1545","97","R.scramb","S",1,2
"1546","97","R.scramb","S",NA,20
"1547","97","Rspan.names.short","D",-1,7
"1548","97","Rspan.names.short","D",0,30
"1549","97","Rspan.names.short","D",1,2
"1550","97","Rspan.names.short","D",NA,15
"1551","97","Rspan.names.short","S",-1,3
"1552","97","Rspan.names.short","S",0,37
"1553","97","Rspan.names.short","S",1,1
"1554","97","Rspan.names.short","S",NA,13
"1555","98","Rspan.names.long","D",-1,2
"1556","98","Rspan.names.long","D",0,34
"1557","98","Rspan.names.long","D",1,4
"1558","98","Rspan.names.long","D",4,1
"1559","98","Rspan.names.long","D",NA,13
"1560","98","Rspan.names.long","S",-4,1
"1561","98","Rspan.names.long","S",-2,1
"1562","98","Rspan.names.long","S",-1,4
"1563","98","Rspan.names.long","S",0,32
"1564","98","Rspan.names.long","S",1,5
"1565","98","Rspan.names.long","S",2,1
"1566","98","Rspan.names.long","S",NA,10
"1567","99","Rspan.names.short","D",-1,2
"1568","99","Rspan.names.short","D",0,31
"1569","99","Rspan.names.short","D",1,4
"1570","99","Rspan.names.short","D",2,1
"1571","99","Rspan.names.short","D",NA,21
"1572","99","Rspan.names.short","S",-2,1
"1573","99","Rspan.names.short","S",-1,4
"1574","99","Rspan.names.short","S",0,28
"1575","99","Rspan.names.short","S",1,1
"1576","99","Rspan.names.short","S",3,2
"1577","99","Rspan.names.short","S",NA,21
"1578","100","Rspan.names.long","D",-1,8
"1579","100","Rspan.names.long","D",0,27
"1580","100","Rspan.names.long","D",1,2
"1581","100","Rspan.names.long","D",NA,19
"1582","100","Rspan.names.long","S",-2,1
"1583","100","Rspan.names.long","S",-1,1
"1584","100","Rspan.names.long","S",0,35
"1585","100","Rspan.names.long","S",1,1
"1586","100","Rspan.names.long","S",NA,16
"1587","101","Rspan.names.long","D",-1,2
"1588","101","Rspan.names.long","D",0,35
"1589","101","Rspan.names.long","D",1,3
"1590","101","Rspan.names.long","D",NA,18
"1591","101","Rspan.names.long","S",-1,2
"1592","101","Rspan.names.long","S",0,40
"1593","101","Rspan.names.long","S",1,3
"1594","101","Rspan.names.long","S",NA,12
"1595","102","Rspan.names.long","D",-1,2
"1596","102","Rspan.names.long","D",0,30
"1597","102","Rspan.names.long","D",1,2
"1598","102","Rspan.names.long","D",NA,21
"1599","102","Rspan.names.long","S",-2,1
"1600","102","Rspan.names.long","S",-1,2
"1601","102","Rspan.names.long","S",0,36
"1602","102","Rspan.names.long","S",1,3
"1603","102","Rspan.names.long","S",NA,12
"1604","103","Rspan.names.short","D",-1,7
"1605","103","Rspan.names.short","D",0,37
"1606","103","Rspan.names.short","D",1,3
"1607","103","Rspan.names.short","D",NA,7
"1608","103","Rspan.names.short","S",-1,12
"1609","103","Rspan.names.short","S",0,34
"1610","103","Rspan.names.short","S",1,1
"1611","103","Rspan.names.short","S",NA,7
"1612","104","Rspan.names.long","D",-1,2
"1613","104","Rspan.names.long","D",0,33
"1614","104","Rspan.names.long","D",1,2
"1615","104","Rspan.names.long","D",2,1
"1616","104","Rspan.names.long","D",NA,17
"1617","104","Rspan.names.long","S",-2,2
"1618","104","Rspan.names.long","S",0,43
"1619","104","Rspan.names.long","S",1,2
"1620","104","Rspan.names.long","S",NA,8
"1621","105","Rspan.names.long","D",-1,1
"1622","105","Rspan.names.long","D",0,43
"1623","105","Rspan.names.long","D",NA,11
"1624","105","Rspan.names.long","S",-2,1
"1625","105","Rspan.names.long","S",0,47
"1626","105","Rspan.names.long","S",1,2
"1627","105","Rspan.names.long","S",NA,5
"1628","105","spOspan.noVer","D",-1,6
"1629","105","spOspan.noVer","D",0,34
"1630","105","spOspan.noVer","D",1,1
"1631","105","spOspan.noVer","D",NA,14
"1632","105","spOspan.noVer","S",-1,6
"1633","105","spOspan.noVer","S",0,34
"1634","105","spOspan.noVer","S",1,3
"1635","105","spOspan.noVer","S",NA,12
"1636","106","Rspan.names.short","D",-2,4
"1637","106","Rspan.names.short","D",-1,3
"1638","106","Rspan.names.short","D",0,25
"1639","106","Rspan.names.short","D",1,7
"1640","106","Rspan.names.short","D",2,1
"1641","106","Rspan.names.short","D",NA,25
"1642","106","Rspan.names.short","S",-2,3
"1643","106","Rspan.names.short","S",-1,8
"1644","106","Rspan.names.short","S",0,32
"1645","106","Rspan.names.short","S",1,1
"1646","106","Rspan.names.short","S",NA,16
"1647","106","spOspan.noVer","D",0,51
"1648","106","spOspan.noVer","D",NA,5
"1649","106","spOspan.noVer","S",-1,2
"1650","106","spOspan.noVer","S",0,47
"1651","106","spOspan.noVer","S",1,1
"1652","106","spOspan.noVer","S",NA,4
"1653","107","Rspan.names.short","D",-2,1
"1654","107","Rspan.names.short","D",-1,7
"1655","107","Rspan.names.short","D",0,19
"1656","107","Rspan.names.short","D",1,3
"1657","107","Rspan.names.short","D",NA,26
"1658","107","Rspan.names.short","S",-1,13
"1659","107","Rspan.names.short","S",0,17
"1660","107","Rspan.names.short","S",1,1
"1661","107","Rspan.names.short","S",2,1
"1662","107","Rspan.names.short","S",NA,23
"1663","108","Rspan.names.short","D",-3,1
"1664","108","Rspan.names.short","D",-1,3
"1665","108","Rspan.names.short","D",0,42
"1666","108","Rspan.names.short","D",NA,8
"1667","108","Rspan.names.short","S",-1,1
"1668","108","Rspan.names.short","S",0,47
"1669","108","Rspan.names.short","S",NA,7
"1670","109","Rspan.names.short","D",-3,1
"1671","109","Rspan.names.short","D",-2,2
"1672","109","Rspan.names.short","D",-1,4
"1673","109","Rspan.names.short","D",0,28
"1674","109","Rspan.names.short","D",NA,19
"1675","109","Rspan.names.short","S",-3,1
"1676","109","Rspan.names.short","S",-2,3
"1677","109","Rspan.names.short","S",-1,3
"1678","109","Rspan.names.short","S",0,34
"1679","109","Rspan.names.short","S",1,1
"1680","109","Rspan.names.short","S",NA,12
"1681","109","spOspan.noVer","D",0,50
"1682","109","spOspan.noVer","D",1,1
"1683","109","spOspan.noVer","D",NA,3
"1684","109","spOspan.noVer","S",-1,2
"1685","109","spOspan.noVer","S",0,47
"1686","109","spOspan.noVer","S",2,1
"1687","109","spOspan.noVer","S",NA,5
"1688","110","Rspan.names.short","D",-1,3
"1689","110","Rspan.names.short","D",0,31
"1690","110","Rspan.names.short","D",1,2
"1691","110","Rspan.names.short","D",NA,18
"1692","110","Rspan.names.short","S",-3,1
"1693","110","Rspan.names.short","S",-2,1
"1694","110","Rspan.names.short","S",-1,2
"1695","110","Rspan.names.short","S",0,36
"1696","110","Rspan.names.short","S",1,1
"1697","110","Rspan.names.short","S",2,1
"1698","110","Rspan.names.short","S",NA,12
"1699","111","Ospan.scram.noVer","D",-2,1
"1700","111","Ospan.scram.noVer","D",-1,2
"1701","111","Ospan.scram.noVer","D",0,37
"1702","111","Ospan.scram.noVer","D",1,1
"1703","111","Ospan.scram.noVer","D",NA,13
"1704","111","Ospan.scram.noVer","S",-1,1
"1705","111","Ospan.scram.noVer","S",0,50
"1706","111","Ospan.scram.noVer","S",1,1
"1707","111","Ospan.scram.noVer","S",NA,2
"1708","111","Rspan.names.long","D",-1,5
"1709","111","Rspan.names.long","D",0,37
"1710","111","Rspan.names.long","D",1,2
"1711","111","Rspan.names.long","D",NA,19
"1712","111","Rspan.names.long","S",-2,1
"1713","111","Rspan.names.long","S",-1,3
"1714","111","Rspan.names.long","S",0,42
"1715","111","Rspan.names.long","S",NA,16
"1716","111","spOspan.noVer","D",-2,1
"1717","111","spOspan.noVer","D",-1,6
"1718","111","spOspan.noVer","D",0,35
"1719","111","spOspan.noVer","D",1,2
"1720","111","spOspan.noVer","D",NA,10
"1721","111","spOspan.noVer","S",-1,7
"1722","111","spOspan.noVer","S",0,30
"1723","111","spOspan.noVer","S",1,2
"1724","111","spOspan.noVer","S",2,1
"1725","111","spOspan.noVer","S",3,1
"1726","111","spOspan.noVer","S",NA,14
"1727","112","R.scramb","D",-1,2
"1728","112","R.scramb","D",0,35
"1729","112","R.scramb","D",NA,17
"1730","112","R.scramb","S",-2,1
"1731","112","R.scramb","S",-1,5
"1732","112","R.scramb","S",0,32
"1733","112","R.scramb","S",1,2
"1734","112","R.scramb","S",2,1
"1735","112","R.scramb","S",3,1
"1736","112","R.scramb","S",NA,12
"1737","112","Rspan.names.short","D",-1,7
"1738","112","Rspan.names.short","D",0,19
"1739","112","Rspan.names.short","D",NA,28
"1740","112","Rspan.names.short","S",-2,1
"1741","112","Rspan.names.short","S",-1,4
"1742","112","Rspan.names.short","S",0,30
"1743","112","Rspan.names.short","S",1,1
"1744","112","Rspan.names.short","S",2,2
"1745","112","Rspan.names.short","S",NA,16
"1746","114","spOspan.noVer","D",-1,9
"1747","114","spOspan.noVer","D",0,34
"1748","114","spOspan.noVer","D",1,1
"1749","114","spOspan.noVer","D",NA,10
"1750","114","spOspan.noVer","S",-2,1
"1751","114","spOspan.noVer","S",-1,5
"1752","114","spOspan.noVer","S",0,31
"1753","114","spOspan.noVer","S",1,1
"1754","114","spOspan.noVer","S",2,1
"1755","114","spOspan.noVer","S",NA,15
"1756","201","Ospan.scram.noVer","D",-2,2
"1757","201","Ospan.scram.noVer","D",-1,5
"1758","201","Ospan.scram.noVer","D",0,22
"1759","201","Ospan.scram.noVer","D",NA,31
"1760","201","Ospan.scram.noVer","S",-4,1
"1761","201","Ospan.scram.noVer","S",-2,1
"1762","201","Ospan.scram.noVer","S",-1,7
"1763","201","Ospan.scram.noVer","S",0,26
"1764","201","Ospan.scram.noVer","S",1,5
"1765","201","Ospan.scram.noVer","S",NA,20
"1766","202","Ospan.scram.noVer","D",-1,1
"1767","202","Ospan.scram.noVer","D",0,43
"1768","202","Ospan.scram.noVer","D",NA,10
"1769","202","Ospan.scram.noVer","S",-1,5
"1770","202","Ospan.scram.noVer","S",0,39
"1771","202","Ospan.scram.noVer","S",2,1
"1772","202","Ospan.scram.noVer","S",NA,9
"1773","203","Ospan.scram.noVer","D",-2,1
"1774","203","Ospan.scram.noVer","D",-1,5
"1775","203","Ospan.scram.noVer","D",0,21
"1776","203","Ospan.scram.noVer","D",1,2
"1777","203","Ospan.scram.noVer","D",NA,25
"1778","203","Ospan.scram.noVer","S",-4,1
"1779","203","Ospan.scram.noVer","S",-3,1
"1780","203","Ospan.scram.noVer","S",-2,2
"1781","203","Ospan.scram.noVer","S",-1,7
"1782","203","Ospan.scram.noVer","S",0,14
"1783","203","Ospan.scram.noVer","S",1,6
"1784","203","Ospan.scram.noVer","S",2,1
"1785","203","Ospan.scram.noVer","S",NA,22
"1786","204","Ospan.scram.noVer","D",0,53
"1787","204","Ospan.scram.noVer","D",NA,2
"1788","204","Ospan.scram.noVer","S",-1,1
"1789","204","Ospan.scram.noVer","S",0,49
"1790","204","Ospan.scram.noVer","S",2,1
"1791","204","Ospan.scram.noVer","S",NA,3
"1792","205","Ospan.scram.noVer","D",-1,2
"1793","205","Ospan.scram.noVer","D",0,45
"1794","205","Ospan.scram.noVer","D",NA,7
"1795","205","Ospan.scram.noVer","S",-1,3
"1796","205","Ospan.scram.noVer","S",0,46
"1797","205","Ospan.scram.noVer","S",NA,6
"1798","206","Ospan.scram.noVer","D",-2,1
"1799","206","Ospan.scram.noVer","D",-1,8
"1800","206","Ospan.scram.noVer","D",0,30
"1801","206","Ospan.scram.noVer","D",1,1
"1802","206","Ospan.scram.noVer","D",NA,14
"1803","206","Ospan.scram.noVer","S",-2,1
"1804","206","Ospan.scram.noVer","S",-1,8
"1805","206","Ospan.scram.noVer","S",0,29
"1806","206","Ospan.scram.noVer","S",1,2
"1807","206","Ospan.scram.noVer","S",2,1
"1808","206","Ospan.scram.noVer","S",NA,13
"1809","1068","Ospan.scram.noVer","D",-1,3
"1810","1068","Ospan.scram.noVer","D",0,47
"1811","1068","Ospan.scram.noVer","D",NA,4
"1812","1068","Ospan.scram.noVer","S",-1,2
"1813","1068","Ospan.scram.noVer","S",0,37
"1814","1068","Ospan.scram.noVer","S",1,1
"1815","1068","Ospan.scram.noVer","S",3,1
"1816","1068","Ospan.scram.noVer","S",NA,14
"1817","1069","Ospan.scram.noVer","D",-1,3
"1818","1069","Ospan.scram.noVer","D",0,46
"1819","1069","Ospan.scram.noVer","D",NA,5
"1820","1069","Ospan.scram.noVer","S",-2,1
"1821","1069","Ospan.scram.noVer","S",-1,2
"1822","1069","Ospan.scram.noVer","S",0,48
"1823","1069","Ospan.scram.noVer","S",1,1
"1824","1069","Ospan.scram.noVer","S",2,1
"1825","1069","Ospan.scram.noVer","S",NA,1
